Datetime,Water Level (m)
2026-04-22 12:00:00,-0.58333075
2026-04-22 13:00:00,-0.6641821
2026-04-22 14:00:00,-0.6188354
2026-04-22 15:00:00,-0.46941468
2026-04-22 16:00:00,-0.19006048
2026-04-22 17:00:00,0.1250905
2026-04-22 18:00:00,0.29057342
2026-04-22 19:00:00,0.3227023
2026-04-22 20:00:00,0.24751976
2026-04-22 21:00:00,0.045068916
2026-04-22 22:00:00,-0.24877274
2026-04-22 23:00:00,-0.51047635
2026-04-23 00:00:00,-0.67629695
2026-04-23 01:00:00,-0.74099416
2026-04-23 02:00:00,-0.65714926
2026-04-23 03:00:00,-0.44510126
2026-04-23 04:00:00,-0.16739899
2026-04-23 05:00:00,0.17605925
2026-04-23 06:00:00,0.46359524
2026-04-23 07:00:00,0.618078
2026-04-23 08:00:00,0.64111483
2026-04-23 09:00:00,0.53532034
2026-04-23 10:00:00,0.30770186
2026-04-23 11:00:00,0.0047747204
2026-04-23 12:00:00,-0.2760415
2026-04-23 13:00:00,-0.48543176
2026-04-23 14:00:00,-0.5896949
2026-04-23 15:00:00,-0.56711984
2026-04-23 16:00:00,-0.43607235
2026-04-23 17:00:00,-0.24544118
2026-04-23 18:00:00,-0.03914349
2026-04-23 19:00:00,0.12709513
2026-04-23 20:00:00,0.19599073
2026-04-23 21:00:00,0.17719218
2026-04-23 22:00:00,0.061102007
2026-04-23 23:00:00,-0.146577
2026-04-24 00:00:00,-0.35360974
2026-04-24 01:00:00,-0.52209187
2026-04-24 02:00:00,-0.5909675
2026-04-24 03:00:00,-0.5486057
2026-04-24 04:00:00,-0.41513845
2026-04-24 05:00:00,-0.19701982
2026-04-24 06:00:00,0.07896534
2026-04-24 07:00:00,0.31498733
2026-04-24 08:00:00,0.45547724
2026-04-24 09:00:00,0.51079684
2026-04-24 10:00:00,0.4683724
2026-04-24 11:00:00,0.29831973
2026-04-24 12:00:00,0.051503293
2026-04-24 13:00:00,-0.18287094
2026-04-24 14:00:00,-0.3981194
2026-04-24 15:00:00,-0.5608413
2026-04-24 16:00:00,-0.58371836
2026-04-24 17:00:00,-0.5079136
2026-04-24 18:00:00,-0.36178133
2026-04-24 19:00:00,-0.16257405
2026-04-24 20:00:00,0.013892323
2026-04-24 21:00:00,0.12824877
2026-04-24 22:00:00,0.17978936
2026-04-24 23:00:00,0.12573135
2026-04-25 00:00:00,-0.0037775834
2026-04-25 01:00:00,-0.16773973
2026-04-25 02:00:00,-0.33028734
2026-04-25 03:00:00,-0.4406095
2026-04-25 04:00:00,-0.4846296
2026-04-25 05:00:00,-0.43779966
2026-04-25 06:00:00,-0.28981376
2026-04-25 07:00:00,-0.074479006
2026-04-25 08:00:00,0.15354683
2026-04-25 09:00:00,0.34628934
2026-04-25 10:00:00,0.44324502
2026-04-25 11:00:00,0.4389051
2026-04-25 12:00:00,0.32269385
2026-04-25 13:00:00,0.10479259
2026-04-25 14:00:00,-0.15645786
2026-04-25 15:00:00,-0.39493325
2026-04-25 16:00:00,-0.58289915
2026-04-25 17:00:00,-0.6685624
2026-04-25 18:00:00,-0.6311138
2026-04-25 19:00:00,-0.48096374
2026-04-25 20:00:00,-0.27262095
2026-04-25 21:00:00,-0.03427547
2026-04-25 22:00:00,0.14037688
2026-04-25 23:00:00,0.24592021
2026-04-26 00:00:00,0.24288791
2026-04-26 01:00:00,0.10593793
2026-04-26 02:00:00,-0.07140088
2026-04-26 03:00:00,-0.26605096
2026-04-26 04:00:00,-0.4615014
2026-04-26 05:00:00,-0.5571315
2026-04-26 06:00:00,-0.5283259
2026-04-26 07:00:00,-0.40751305
2026-04-26 08:00:00,-0.1938228
2026-04-26 09:00:00,0.06305148
2026-04-26 10:00:00,0.29827136
2026-04-26 11:00:00,0.440154
2026-04-26 12:00:00,0.4665163
2026-04-26 13:00:00,0.37984088
2026-04-26 14:00:00,0.15076265
2026-04-26 15:00:00,-0.16914468
2026-04-26 16:00:00,-0.4385671
2026-04-26 17:00:00,-0.65110344
2026-04-26 18:00:00,-0.76043004
2026-04-26 19:00:00,-0.6997253
2026-04-26 20:00:00,-0.49293151
2026-04-26 21:00:00,-0.25407034
2026-04-26 22:00:00,0.035563685
2026-04-26 23:00:00,0.28529826
2026-04-27 00:00:00,0.42384195
2026-04-27 01:00:00,0.4108002
2026-04-27 02:00:00,0.26868024
2026-04-27 03:00:00,0.020634195
2026-04-27 04:00:00,-0.26559514
2026-04-27 05:00:00,-0.50320745
2026-04-27 06:00:00,-0.615325
2026-04-27 07:00:00,-0.6037637
2026-04-27 08:00:00,-0.4709473
2026-04-27 09:00:00,-0.2097303
2026-04-27 10:00:00,0.09443765
2026-04-27 11:00:00,0.33616295
2026-04-27 12:00:00,0.4933665
2026-04-27 13:00:00,0.5362005
2026-04-27 14:00:00,0.42253482
2026-04-27 15:00:00,0.13797691
2026-04-27 16:00:00,-0.31470007
2026-04-27 17:00:00,-0.57071805
2026-04-27 18:00:00,-0.7582858
2026-04-27 19:00:00,-0.87814933
2026-04-27 20:00:00,-0.6873017
2026-04-27 21:00:00,-0.43388706
2026-04-27 22:00:00,-0.15413849
2026-04-27 23:00:00,0.21420246
2026-04-28 00:00:00,0.45544475
2026-04-28 01:00:00,0.52514756
2026-04-28 02:00:00,0.48973897
2026-04-28 03:00:00,0.2927078
2026-04-28 04:00:00,-0.006786738
2026-04-28 05:00:00,-0.3127221
2026-04-28 06:00:00,-0.55620104
2026-04-28 07:00:00,-0.70589316
2026-04-28 08:00:00,-0.6818875
2026-04-28 09:00:00,-0.47614288
2026-04-28 10:00:00,-0.1772926
2026-04-28 11:00:00,0.16301595
2026-04-28 12:00:00,0.45454866
